# drop database if exists social;
# create database social;
use social;
# 投标主体项目成果表
drop table if exists achievements;		

# 项目投标表
drop table if exists bid_items;

#社科主体表
drop table if exists bidding;

#定标表
drop table if exists calibration;

# 企业成果对应表
drop table if exists enterprise_achievements;

# 企业成员表
drop table if exists enterprise_menbers;

#企业信息表
drop table if exists enterprises;

# 学者项目成果对应表
drop table if exists expert_achievements;

# 学者信息表
drop table if exists expert_personal;

# 初审表
drop table if exists first_trial;

#项目发布表
drop table if exists release_items;

# 细审表
drop table if exists review_details;

# 评审专家表
drop table if exists review_expert;

#团队成果对应表
drop table if exists team_achievements;

# 团队成员表
drop table if exists team_menbers;

#团队表
drop table if exists teams;



use social;



/*
set sql_safe_updates=0;
set sql_safe_updates=1;
*/


drop table if exists bidding;
create table bidding		#社科联信息表
(
   b_id                           char(9)                        not null,		# Bxxxxxxxxx
   name                           varchar(20),
   password						varchar(20),
   address                        varchar(200),
   phone                          varchar(13),
   representative                       varchar(20),	#法人代表
   representative_phone                 char(11),
   representative_address               varchar(200),
   primary key (b_id)
)comment = '社科联信息表';
insert into bidding values
	("b00000000","浙江省社科联","1","浙江省杭州市余杭区","12343245345","王五01","12343245342","浙江省杭州市余杭区"),
    ("b00000001","浙江省杭州市社科联","1","浙江省杭州市余杭区","12343245345","王五02","12343245342","浙江省杭州市余杭区"),
    ("b00000002","浙江省宁波市社科联","1","浙江省杭州市余杭区","12343245345","王五03","12343245342","浙江省杭州市余杭区"),
    ("b00000003","浙江省绍兴市社科联","1","浙江省杭州市余杭区","12343245345","王五04","12343245342","浙江省杭州市余杭区");
select * from bidding;

drop table if exists bidding_user;
create table bidding_user		# 社科联使用账户
(
   userid                           char(6)                        not null,	# uxxxxx
   username                           varchar(20),
   password							varchar(20),
   address                        varchar(200),
   phone                          varchar(13),
   b_id                           char(9),		#所属社科
   primary key (userid)
)comment = '社科联使用账户';
insert into bidding_user values
	("u00000","李四","1","浙江省杭州市余杭区","12343245345","b00000000"),
    ("u00001","李四","1","浙江省杭州市余杭区","12343245345","b00000000"),
    ("u00002","王五","1","浙江省杭州市余杭区","12343245345","b00000000"),
    ("u00003","李四","1","浙江省杭州市余杭区","12343245345","b00000000"),
    ("u00004","张三","1","浙江省杭州市余杭区","12343245345","b00000000"),
    ("u00005","张三","1","浙江省杭州市余杭区","12343245345","b00000000"),
    ("u00006","王五","1","浙江省杭州市余杭区","12343245345","b00000000"),
    ("u00007","李四","1","浙江省杭州市余杭区","12343245345","b00000000"),
    ("u00008","张三","1","浙江省杭州市余杭区","12343245345","b00000000"),
    ("u00009","张三","1","浙江省杭州市余杭区","12343245345","b00000000"),
    ("u00010","李四","1","浙江省杭州市余杭区","12343245345","b00000000"),
    ("u00011","王五","1","浙江省杭州市余杭区","12343245345","b00000000"),
    ("u00012","李四","1","浙江省杭州市余杭区","12343245345","b00000000"),
    ("u00013","张三","1","浙江省杭州市余杭区","12343245345","b00000000"),
    ("u00014","李四","1","浙江省杭州市余杭区","12343245345","b00000001"),
    ("u00015","王五","1","浙江省杭州市余杭区","12343245345","b00000001"),
    ("u00016","张三","1","浙江省杭州市余杭区","12343245345","b00000001"),
    ("u00017","李四","1","浙江省杭州市余杭区","12343245345","b00000001"),
    ("u00018","张三","1","浙江省杭州市余杭区","12343245345","b00000001"),
    ("u00019","王五","1","浙江省杭州市余杭区","12343245345","b00000002"),
    ("u00020","张三","1","浙江省杭州市余杭区","12343245345","b00000002"),
    ("u00021","李四","1","浙江省杭州市余杭区","12343245345","b00000002"),
    ("u00022","王五","1","浙江省杭州市余杭区","12343245345","b00000002"),
    ("u00023","张三","1","浙江省杭州市余杭区","12343245345","b00000002"),
    ("u00024","李四","1","浙江省杭州市余杭区","12343245345","b00000002"),
    ("u00025","张三","1","浙江省杭州市余杭区","12343245345","b00000002"),
    ("u00026","王五","1","浙江省杭州市余杭区","12343245345","b00000002"),
    ("u00027","李四","1","浙江省杭州市余杭区","12343245345","b00000001"),
    ("u00028","李四","1","浙江省杭州市余杭区","12343245345","b00000001"),
    ("u00029","张三","1","浙江省杭州市余杭区","12343245345","b00000001"),
    ("u00030","王五","1","浙江省杭州市余杭区","12343245345","b00000001"),
    ("u00031","李四","1","浙江省杭州市余杭区","12343245345","b00000001"),
    ("u00032","王五","1","浙江省杭州市余杭区","12343245345","b00000001"),
    ("u00033","李四","1","浙江省杭州市余杭区","12343245345","b00000001"),
    ("u00034","王五","1","浙江省杭州市余杭区","12343245345","b00000001"),
    ("u00045","王五","1","浙江省杭州市余杭区","12343245345","b00000001");
select * from bidding_user;

# 新用户审核表
drop table if exists bidding_user_apply;
create table bidding_user_apply		# 社科联使用账户
(
   userid                           char(6)                        not null,	# uxxxxx
   username                           varchar(20),
   password							varchar(20),
   address                        varchar(200),
   phone                          varchar(13),
   b_id                           char(9),		#所属社科
   primary key (userid)
)comment = '社科新用户审核表';
insert into bidding_user_apply values
("u00100","李四00","1","浙江省杭州市余杭区","12343245345","b12345678"),
("u00101","李四01","1","浙江省杭州市余杭区","12343245345","b12345678"),
("u00102","李四02","1","浙江省杭州市余杭区","12343245345","b12345678"),
("u00103","李四03","1","浙江省杭州市余杭区","12343245345","b12345678"),
("u00104","李四04","1","浙江省杭州市余杭区","12343245345","b12345678"),
("u00105","李四05","1","浙江省杭州市余杭区","12343245345","b12345678"),
("u00106","李四06","1","浙江省杭州市余杭区","12343245345","b12345678"),
("u00107","李四07","1","浙江省杭州市余杭区","12343245345","b12345678"),
("u00108","李四08","1","浙江省杭州市余杭区","12343245345","b12345678"),
("u00109","李四09","1","浙江省杭州市余杭区","12343245345","b12345678");
select * from bidding_user_apply;



drop table if exists admins;
create table admins		#社科联信息表
(
   id                           char(9)                        not null,		# Bxxxxxxxxx
   name                           varchar(20),
   password						varchar(20),
   primary key (id)
)comment = '社科联信息表';
insert into admins values
	("A00","管理员1","1"),
    ("A01","管理员2","1"),
    ("A02","管理员3","1"),
    ("A03","管理员4","1");
select * from admins;



drop table if exists item_category;
create table item_category(
	cid				int,
    categoryid		varchar(20),
    categoryname		varchar(300),		# 类别名称
    min_funds				bigint,		# 最低经费
    max_funds				bigint,			#最高经费
    primary key (cid)
    
)comment = '社科类项目的分类标准和认定表';
insert into item_category values
(1,"一类","国家社科基金重点项目",1000000,0),
(2,"一类","国家软科学研究计划重大项目",1000000,0),
(3,"二类","国家社科基金项目",500000,0),
(4,"二类","国家软科学研究计划项目",500000,0),
(5,"二类","教育部新世纪优秀人才支持计划",400000,0),
(6,"二类","教育部哲学社会科学研究重大课题攻关项目",500000,0),
(7,"二类","国家政策引导类科技计划(国家软科学研究计划)",400000,0),
(8,"二类","主持全国教科规划教育部重点项目",500000,0),
(9,"二类","国家各部委、各省、自治区、国家各部委、各省、自治区、直辖市委托专项课题",200000,0),
(10,"二类","企业以产学研合作方式委托咨询类课题",300000,0),
(11,"三类","教育部人文社会科学研究项目",100000,0),
(12,"三类","全国教育科学规划课题",120000,0),
(13,"三类","教育部留学回国人员科研启动基金",100000,0),
(14,"三类","高等学校博士学科点专项科研基金(新教师基金课题)",200000,0),
(15,"三类","省软科学研究计划项目",100000,0),
(16,"三类","省哲学社会科学规划项目",100000,0),
(17,"三类","省教育厅人文社会科学研究重点项目",150000,0),
(18,"三类","中国博士后科学基金资助",100000,0),
(19,"三类","国家各部委、各省、自治区、直辖市委托专项课题",100000,0),
(20,"三类","企业以产学研合作方式委托咨询类课题",150000,0);
select * from item_category;

# select * from item_category where categoryid = '一类';

# select * from item_category group by categoryid;



#use social;
drop table if exists expert_personal;
create table expert_personal
(
   ex_id                          char(6)                        not null,
   name                           varchar(30),		# 学者姓名
   password							varchar(20),
   honor						  char(4),			# 荣誉称号(外键)
   birthdate                      varchar(15),				# 出生日期
   research_specialty             char(4),		# 研究专长(外键)
   education                      varchar(20),		# 学历
   degree                         char(4) ,		# 学位(外键)
   major                      		varchar(10),		# 专业（外键）
   phone                          varchar(13),			# 电话
   email                          varchar(30),		# 邮件
   address_province                    int,		# 家庭地址-省
   address_city                        int,		# 家庭地址-市
   address_county                      int,		# 家庭地址-县
   address_detail                      varchar(80),		# 家庭地址-详细地址
   company                        varchar(100),		# 公司
   accept_invitation              int,		# 是否接收邀请
   accept_recommend               int,		# 是否接收推荐
   register_time                  varchar(50),			# 注册时间
   cancellation_time               varchar(50),			# 注销时间
   primary key (ex_id)
)comment = '学者信息表';

insert into expert_personal values
("S00000","张三00","1","H000","2000-11-19","R000","博士研究生","D000","10101","13543678456","45436356@qq.com",330000,330100,330104,"白杨街道","中国移动浙江分公司",1,1,"2022-02-01","2000-01-01"),
("S00001","张三01","1","H300","1992-12-19","R001","博士研究生","D001","20101","13547678456","4456356@qq.com",110000,110100,000000,"三环","中国移动浙江分公司",1,1,"2022-02-01","2000-01-01"),
("S00002","张三02","1","H999","2000-12-19","R002","博士研究生","D002","30101","13543578456","87436356@qq.com",330000,330100,330104,"白杨街道","中国移动浙江分公司",1,1,"2022-02-01","2000-01-01"),
("S00003","张三03","1","H700","2000-12-19","R003","博士研究生","D003","40101","13543678456","45436356@qq.com",330000,330100,330104,"白杨街道","中国移动浙江分公司",1,1,"2022-02-01","2000-01-01"),
("S00004","张三04","1","H500","2000-12-19","R004","博士研究生","D004","50101","13543678456","45436356@qq.com",330000,330100,330104,"白杨街道","中国移动浙江分公司",1,1,"2022-02-01","2000-01-01"),
("S00005","张三05","1","H102","2001-12-19","R005","博士研究生","D005","60101","13543678456","45436356@qq.com",330000,330100,330104,"白杨街道","中国移动浙江分公司",1,1,"2022-02-01","2000-01-01"),
("S00006","张三06","1","H999","2000-12-19","R006","博士研究生","D006","70101","13543678456","45436356@qq.com",330000,330100,330104,"白杨街道","中国移动浙江分公司",1,1,"2022-02-01","2000-01-01"),
("S00007","张三07","1","H000","2000-12-19","R999","无","D999","13","13543678456","45436356@qq.com",330000,330100,330104,"白杨街道","中国移动浙江分公司",1,1,"2022-02-01","2000-01-01"),
("S00008","张三08","1","H000","2000-12-19","R008","博士研究生","D008","90101","13543678456","45436356@qq.com",330000,330100,330104,"白杨街道","中国移动浙江分公司",0,1,"2022-02-01","2000-01-01"),
("S00009","张三09","1","H500","2000-12-19","R009","博士研究生","D009","100101","13543678456","45436356@qq.com",330000,330100,330104,"白杨街道","中国移动浙江分公司",1,1,"2022-02-01","2000-01-01"),
("S00010","张三10","1","H000","2000-12-19","R010","博士研究生","D010","110101","13543678456","45436356@qq.com",330000,330100,330104,"白杨街道","字节跳动",1,1,"2022-02-01","2000-01-01"),
("S00011","张三11","1","H500","2000-12-19","R011","博士研究生","D011","120101","13543678456","45436356@qq.com",330000,330100,330104,"白杨街道","字节跳动",1,0,"2022-02-01","2000-01-01"),
("S00012","张三12","1","H999","2000-12-19","R012","博士研究生","D012","13","13543678456","45436356@qq.com",330000,330100,330104,"白杨街道","字节跳动",1,1,"2022-02-01","2000-01-01"),
("S00013","张三13","1","H500","2000-12-19","R000","博士研究生","D000","10101","13543678456","45436356@qq.com",330000,330100,330104,"白杨街道","字节跳动",1,1,"2022-02-01","2000-01-01"),
("S00014","张三14","1","H000","2000-12-19","R005","博士研究生","D005","60101","13543678456","45436356@qq.com",110000,110100,000000,"","字节跳动",1,1,"2022-02-01","2000-01-01"),
("S00015","张三15","1","H700","2000-12-19","R006","博士研究生","D006","70101","13543678456","45436356@qq.com",110000,110100,000000,"","字节跳动",1,1,"2022-02-01","2000-01-01"),
("S00016","张三16","1","H202","2000-12-19","R007","博士研究生","D007","80101","13543678456","45436356@qq.com",110000,110100,000000,"","字节跳动",0,0,"2022-02-01","2000-01-01"),
("S00017","张三17","1","H000","2000-12-19","R008","博士研究生","D008","90101","13543678456","45436356@qq.com",110000,110100,000000,"","阿里巴巴",1,1,"2022-02-01","2000-01-01"),
("S00018","张三18","1","H000","2000-12-19","R009","博士研究生","D009","100101","13543678456","45436356@qq.com",110000,110500,000000,"","阿里巴巴",1,1,"2022-02-01","2000-01-01"),
("S00019","张三19","1","H000","2000-12-19","R010","博士研究生","D010","110101","13543678456","45436356@qq.com",110000,110500,000000,"三环","阿里巴巴",0,1,"2022-02-01","2000-01-01"),
("S00020","张三20","1","H102","2002-12-19","R011","博士研究生","D011","120101","13543678456","45436356@qq.com",110000,110500,000000,"","阿里巴巴",1,1,"2022-02-01","2000-01-01"),
("S00021","张三21","1","H000","2000-12-19","R012","博士研究生","D012","13","13543678456","45436356@qq.com",110000,110500,000000,"","阿里巴巴",1,1,"2022-02-01","2000-01-01"),
("S00022","张三22","1","H202","2000-12-19","R000","博士研究生","D000","10101","13543678456","45436356@qq.com",110000,110500,000000,"三环","阿里巴巴",1,1,"2022-02-01","2000-01-01"),
("S00023","张三001","1","H000","2000-11-19","R000","博士研究生","D000","10101","13543678456","45436356@qq.com",110000,110500,000000,"白杨街道","中国移动浙江分公司",1,1,"2022-02-01","2000-01-01"),
("S00024","张三011","1","H300","1992-12-19","R001","博士研究生","D001","20101","13547678456","4456356@qq.com",110000,110100,000000,"三环","中国移动浙江分公司",1,1,"2022-02-01","2000-01-01"),
("S00025","张三021","1","H999","2000-12-19","R002","博士研究生","D002","30101","13543578456","87436356@qq.com",110000,110200,000000,"三环","中国移动浙江分公司",1,1,"2022-02-01","2000-01-01"),
("S00026","张三031","1","H700","2000-12-19","R003","博士研究生","D003","40101","13543678456","45436356@qq.com",110000,110700,000000,"","中国移动浙江分公司",1,1,"2022-02-01","2000-01-01"),
("S00027","张三041","1","H500","2000-12-19","R004","博士研究生","D004","50101","13543678456","45436356@qq.com",110000,110800,000000,"","中国移动浙江分公司",1,1,"2022-02-01","2000-01-01"),
("S00028","张三051","1","H102","2001-12-19","R005","博士研究生","D005","60101","13543678456","45436356@qq.com",110000,110900,000000,"","中国移动浙江分公司",1,1,"2022-02-01","2000-01-01"),
("S00029","张三061","1","H999","2000-12-19","R006","博士研究生","D006","70101","13543678456","45436356@qq.com",120000,120100,000000,"","中国移动浙江分公司",1,1,"2022-02-01","2000-01-01"),
("S00030","张三071","1","H000","2000-12-19","R999","无","D999","13","13543678456","45436356@qq.com",120000,120200,000000,"","中国移动浙江分公司",1,1,"2022-02-01","2000-01-01"),
("S00031","张三081","1","H000","2000-12-19","R008","博士研究生","D008","90101","13543678456","45436356@qq.com",120000,120300,000000,"","中国移动浙江分公司",0,1,"2022-02-01","2000-01-01"),
("S00032","张三091","1","H500","2000-12-19","R009","博士研究生","D009","100101","13543678456","45436356@qq.com",120000,120400,000000,"","中国移动浙江分公司",1,1,"2022-02-01","2000-01-01"),
("S00033","张三101","1","H000","2000-12-19","R010","博士研究生","D010","110101","13543678456","45436356@qq.com",120000,120500,000000,"","字节跳动",1,1,"2022-02-01","2000-01-01"),
("S00034","张三111","1","H500","2000-12-19","R011","博士研究生","D011","120101","13543678456","45436356@qq.com",120000,120600,000000,"","字节跳动",1,0,"2022-02-01","2000-01-01"),
("S00035","张三121","1","H999","2000-12-19","R012","博士研究生","D012","13","13543678456","45436356@qq.com",120000,120900,000000,"","字节跳动",1,1,"2022-02-01","2000-01-01"),
("S00036","张三002","1","H000","2000-11-19","R000","博士研究生","D000","10101","13543678456","45436356@qq.com",120000,121000,000000,"","中国移动浙江分公司",1,1,"2022-02-01","2000-01-01"),
("S00037","张三012","1","H300","1992-12-19","R001","博士研究生","D001","20101","13547678456","4456356@qq.com",110000,110100,000000,"三环","中国移动浙江分公司",1,1,"2022-02-01","2000-01-01"),
("S00038","张三022","1","H999","2000-12-19","R002","博士研究生","D002","30101","13543578456","87436356@qq.com",120000,121100,000000,"","中国移动浙江分公司",1,1,"2022-02-01","2000-01-01"),
("S00039","张三032","1","H700","2000-12-19","R003","博士研究生","D003","40101","13543678456","45436356@qq.com",330000,330100,330104,"","中国移动浙江分公司",1,1,"2022-02-01","2000-01-01"),
("S00040","张三042","1","H500","2000-12-19","R004","博士研究生","D004","50101","13543678456","45436356@qq.com",130000,130100,130101,"","中国移动浙江分公司",1,1,"2022-02-01","2000-01-01"),
("S00041","张三052","1","H102","2001-12-19","R005","博士研究生","D005","60101","13543678456","45436356@qq.com",130000,130100,130101,"","中国移动浙江分公司",1,1,"2022-02-01","2000-01-01"),
("S00042","张三062","1","H999","2000-12-19","R006","博士研究生","D006","70101","13543678456","45436356@qq.com",130000,130100,130101,"","中国移动浙江分公司",1,1,"2022-02-01","2000-01-01"),
("S00043","张三072","1","H000","2000-12-19","R999","无","D999","13","13543678456","45436356@qq.com",330000,330100,330104,"白杨街道","中国移动浙江分公司",1,1,"2022-02-01","2000-01-01"),
("S00044","张三082","1","H000","2000-12-19","R008","博士研究生","D008","90101","13543678456","45436356@qq.com",130000,130100,130102,"","中国移动浙江分公司",0,1,"2022-02-01","2000-01-01"),
("S00045","张三092","1","H500","2000-12-19","R009","博士研究生","D009","100101","13543678456","45436356@qq.com",130000,130200,130201,"","中国移动浙江分公司",1,1,"2022-02-01","2000-01-01"),
("S00046","张三102","1","H000","2000-12-19","R010","博士研究生","D010","110101","13543678456","45436356@qq.com",130000,130200,130201,"","字节跳动",1,1,"2022-02-01","2000-01-01"),
("S00047","张三112","1","H500","2000-12-19","R011","博士研究生","D011","120101","13543678456","45436356@qq.com",130000,130200,330104,"","字节跳动",1,0,"2022-02-01","2000-01-01"),
("S00048","张三122","1","H999","2000-12-19","R012","博士研究生","D012","#","13543678456","45436356@qq.com",130000,130200,130201,"","字节跳动",1,1,"2022-02-01","2000-01-01"),
("S00049","张三003","1","H000","2000-11-19","R000","博士研究生","D000","10101","13543678456","45436356@qq.com",130000,130200,130201,"","中国移动浙江分公司",1,1,"2022-02-01","2000-01-01"),
("S00050","张三013","1","H300","1992-12-19","R001","博士研究生","D001","20101","13547678456","4456356@qq.com",110000,110100,000000,"三环","中国移动浙江分公司",1,1,"2022-02-01","2000-01-01"),
("S00051","张三023","1","H999","2000-12-19","R002","博士研究生","D002","30101","13543578456","87436356@qq.com",130000,130200,130202,"","中国移动浙江分公司",1,1,"2022-02-01","2000-01-01"),
("S00052","张三033","1","H700","2000-12-19","R003","博士研究生","D003","40101","13543678456","45436356@qq.com",130000,130200,130202,"","中国移动浙江分公司",1,1,"2022-02-01","2000-01-01"),
("S00053","张三043","1","H500","2000-12-19","R004","博士研究生","D004","50101","13543678456","45436356@qq.com",130000,130200,130202,"","中国移动浙江分公司",1,1,"2022-02-01","2000-01-01"),
("S00054","张三053","1","H102","2001-12-19","R005","博士研究生","D005","60101","13543678456","45436356@qq.com",130000,130200,130202,"","中国移动浙江分公司",1,1,"2022-02-01","2000-01-01"),
("S00055","张三063","1","H999","2000-12-19","R006","博士研究生","D006","70101","13543678456","45436356@qq.com",130000,130200,130202,"","中国移动浙江分公司",1,1,"2022-02-01","2000-01-01"),
("S00056","张三073","1","H000","2000-12-19","R999","无","D999","13","13543678456","45436356@qq.com",330000,330100,330104,"白杨街道","中国移动浙江分公司",1,1,"2022-02-01","2000-01-01"),
("S00057","张三083","1","H000","2000-12-19","R008","博士研究生","D008","90101","13543678456","45436356@qq.com",330000,330100,330104,"白杨街道","中国移动浙江分公司",0,1,"2022-02-01","2000-01-01"),
("S00058","张三093","1","H500","2000-12-19","R009","博士研究生","D009","100101","13543678456","45436356@qq.com",330000,330100,330104,"白杨街道","中国移动浙江分公司",1,1,"2022-02-01","2000-01-01"),
("S00059","张三103","1","H000","2000-12-19","R010","博士研究生","D010","110101","13543678456","45436356@qq.com",330000,330100,330104,"白杨街道","字节跳动",1,1,"2022-02-01","2000-01-01"),
("S00060","张三113","1","H500","2000-12-19","R011","博士研究生","D011","120101","13543678456","45436356@qq.com",330000,330100,330104,"白杨街道","字节跳动",1,0,"2022-02-01","2000-01-01"),
("S00061","张三123","1","H999","2000-12-19","R012","博士研究生","D012","#","13543678456","45436356@qq.com",330000,330100,330104,"白杨街道","字节跳动",1,1,"2022-02-01","2000-01-01"),
("S00062","张三004","1","H000","2000-11-19","R000","博士研究生","D000","10101","13543678456","45436356@qq.com",330000,330100,330104,"白杨街道","中国移动浙江分公司",1,1,"2022-02-01","2000-01-01"),
("S00063","张三014","1","H300","1992-12-19","R001","博士研究生","D001","20101","13547678456","4456356@qq.com",110000,110100,000000,"三环","中国移动浙江分公司",1,1,"2022-02-01","2000-01-01"),
("S00064","张三024","1","H999","2000-12-19","R002","博士研究生","D002","30101","13543578456","87436356@qq.com",330000,110800,000000,"","中国移动浙江分公司",1,1,"2022-02-01","2000-01-01"),
("S00065","张三034","1","H700","2000-12-19","R003","博士研究生","D003","40101","13543678456","45436356@qq.com",110000,110800,000000,"","中国移动浙江分公司",1,1,"2022-02-01","2000-01-01"),
("S00066","张三044","1","H500","2000-12-19","R004","博士研究生","D004","50101","13543678456","45436356@qq.com",110000,110800,000000,"","中国移动浙江分公司",1,1,"2022-02-01","2000-01-01"),
("S00067","张三054","1","H102","2001-12-19","R005","博士研究生","D005","60101","13543678456","45436356@qq.com",110000,110600,000000,"","中国移动浙江分公司",1,1,"2022-02-01","2000-01-01"),
("S00068","张三064","1","H999","2000-12-19","R006","博士研究生","D006","70101","13543678456","45436356@qq.com",110000,110600,000000,"","中国移动浙江分公司",1,1,"2022-02-01","2000-01-01"),
("S00069","张三074","1","H000","2000-12-19","R999","无","D999","13","13543678456","45436356@qq.com",330000,330100,330104,"白杨街道","中国移动浙江分公司",1,1,"2022-02-01","2000-01-01"),
("S00070","张三084","1","H000","2000-12-19","R008","博士研究生","D008","90101","13543678456","45436356@qq.com",110000,110600,000000,"","中国移动浙江分公司",0,1,"2022-02-01","2000-01-01"),
("S00071","张三094","1","H500","2000-12-19","R009","博士研究生","D009","100101","13543678456","45436356@qq.com",110000,110100,000000,"","中国移动浙江分公司",1,1,"2022-02-01","2000-01-01"),
("S00072","张三104","1","H000","2000-12-19","R010","博士研究生","D010","110101","13543678456","45436356@qq.com",110000,110100,000000,"","字节跳动",1,1,"2022-02-01","2000-01-01"),
("S00073","张三114","1","H500","2000-12-19","R011","博士研究生","D011","120101","13543678456","45436356@qq.com",110000,110100,000000,"","字节跳动",1,0,"2022-02-01","2000-01-01"),
("S00074","张三124","1","H999","2000-12-19","R012","博士研究生","D012","#","13543678456","45436356@qq.com",110000,110100,000000,"","字节跳动",1,1,"2022-02-01","2000-01-01");
select * from expert_personal;


drop table if exists expert_personal_register;
create table expert_personal_register
(
   ex_id                          char(6)                        not null,
   name                           varchar(30),		# 学者姓名
   password							varchar(20),
   honor						  char(4),			# 荣誉称号(外键)
   birthdate                      varchar(15),				# 出生日期
   research_specialty             char(4),		# 研究专长(外键)
   education                      varchar(20),		# 学历
   degree                         char(4) ,		# 学位(外键)
   major                      		varchar(10),		# 专业（专业）
   phone                          varchar(13),			# 电话
   email                          varchar(30),		# 邮件
   address_province                    int,		# 家庭地址-省
   address_city                        int,		# 家庭地址-市
   address_county                      int,		# 家庭地址-县
   address_detail                      varchar(80),		# 家庭地址-详细地址
   company                        varchar(100),		# 公司
   accept_invitation              int,		# 是否接收邀请
   accept_recommend               int,		# 是否接收推荐
   register_time                  varchar(50),			# 注册时间
   primary key (ex_id)
)comment = '学者注册表';
select * from expert_personal_register;


drop table if exists research_direction;
create table research_direction(
	re_id       char(4),
    name		varchar(20),
    remark		varchar(100)
)comment = '研究方向';
insert into research_direction values
("R000","哲学",""),
("R001","经济学",""),
("R002","法学",""),
("R003","教育学",""),
("R004","文学",""),
("R005","历史学",""),
("R006","理学",""),
("R007","工学",""),
("R008","农学",""),
("R009","医学",""),
("R010","军事学",""),
("R011","管理学",""),
("R012","艺术学",""),
("R999","其他","");
select * from research_direction;


drop table if exists education;
create table education(
id 			int,
name 		varchar(30),
primary key(id)
)comment = '学历表';
insert into education values
(1,"博士研究生"),
(2,"硕士研究生"),
(3,"本科"),
(4,"专科"),
(5,"中专/高中"),
(6,"初中"),
(7,"小学"),
(8,"无");
select * from education;





drop table if exists honor;
create table honor
(
   h_id                          char(4)                        not null,
   name                           varchar(30),		# 称号名
   level						int,
   pid							varchar(4),
   introduce					varchar(400),
   primary key (h_id)
)comment = '荣誉称号表';
insert into honor values
("H000","院士",1,"0","中国科学院院士和中国工程院院士。这是我国科技界最高的学术称号，一般为终身荣誉。"),
("H100","千人",1,"0","千人是指获得'千人计划' 的科技工作者。千人计划，全称是'海外高层次人才引进计划'。"),
("H101","千人(创新型)",2,"H100","为高校高等院校和研究机构引进的人才。"),
("H102","千人(创业型)",2,"H100","为企业引进人才。"),
("H200","万人",1,"0","国家高层次人才特殊支持计划，简称万人计划。"),
("H201","万人(第一层次(100名))",2,"H200","为具有冲击诺贝尔奖、成长为世界级科学家潜力的杰出人才。"),
("H202","万人(第二层次(8000名))",2,"H200","为国家科技和产业发展急需紧缺的领军人才，包括科技创新领军人才、科技创业领军人才、哲学社会科学领军人才、教学名师、百千万工程领军人才。"),
("H203","万人(第三层次(2000名))",2,"H200","为35岁以下具有较大发展潜力的青年拔尖人才。"),
("H300","973项目首席",1,"0","973是指国家重点基础研究发展计划"),
("H400","863项目首席",1,"0","863是指国家高技术研究发展计划。"),
("H500","长江学者",1,"0","长江学者是指获得长江学者奖励计划的科技工作者。长江学者奖励计划是教育部与香港李嘉诚基金会于1998年共同筹资设立的专项高层次人才计划。"),
("H600","杰青",1,"0","杰青是指获得国家杰出青年基金的科技工作者。杰出青年基金自1994年设立，支持在基础研究方面已取得突出成绩的青年学者自主选择研究方向开展创新研究，资助经费一般为200万，期限4年。"),
("H700","优青",1,"0","优青是指获得国家优秀青年基金的科技工作者，俗称“小杰青”。支持具备5～10年的科研经历并取得一定科研成就的青年科学技术人员，在科研第一线锐意进取、开拓创新，自主选择研究方向开展基础研究，资助经费100万，期限3年。"),
("H999","无",9,"0","");
select * from honor;

# select * from honor where h_id in("H000","H100");




# 项目发布表
drop table if exists release_items;
create table release_items
(
   it_id                          char(13)                       not null,	# XM20210101001
   name                           varchar(200),
   userid						char(6),					# 发布人（外键）
   content                        varchar(400),				# 项目内容
   time_release                   varchar(25),				# 发布时间
   time_end                        varchar(25),				# 截至投标时间
   recommend                      int,						# 系统推荐招标（0、1）
   public                         int,						# 公开招标
   invitation                     int,						# 邀请招标
   type							char(4),					# 项目分类/研究方向（外键 research_direction re_id）
   cid                        	 	int,					# 项目的类别(外键 item_category)		
   # time_finilly                   varchar(25),				# 预计完成时间
   rate_economics                 int,						# 经济评审占比
   rate_technology                int,						# 技术评审占比
   rate_comprehensive             int,						# 综合评审占比
   other                          varchar(200),				# 其他
   funds                          bigint,					# 预算
   primary key (it_id)
)comment = '项目发布表';
insert into release_items values
("XM20220101001","项目1","u00000","content","2022-02-01","2022-02-10",0,0,0,"R001",1,30,60,10,"",0),
("XM20220101002","项目2","u00000","content","2022-02-01","2022-02-10",0,0,0,"R004",2,30,60,10,"",0),
("XM20220101003","项目3","u00000","content","2022-02-01","2022-02-10",0,0,0,"R003",1,30,60,10,"",0),
("XM20220101004","项目4","u00000","content","2022-02-01","2022-02-10",0,0,0,"R005",2,30,60,10,"",0),
("XM20220101005","项目5","u00000","content","2022-02-01","2022-02-10",0,0,0,"R007",3,30,60,10,"",0),
("XM20220101006","项目6","u00000","content","2022-02-01","2022-02-10",0,0,0,"R001",2,30,60,10,"",0),
("XM20220101007","项目7","u00000","content","2022-02-01","2022-02-10",0,0,0,"R999",2,30,60,10,"",0),
("XM20220101008","项目8","u00000","content","2022-02-01","2022-02-10",0,0,0,"R001",3,30,60,10,"",0),
("XM20220101009","项目9","u00000","content","2022-02-01","2022-02-10",0,0,0,"R001",2,30,60,10,"",0),
("XM20220101010","项目10","u00000","content","2022-02-01","2022-02-10",0,0,0,"R002",2,30,60,10,"",0),
("XM20220101011","项目11","u00000","content","2022-02-01","2022-02-10",0,0,0,"R001",3,30,60,10,"",0),
("XM20220101012","项目12","u00000","content","2022-02-01","2022-02-10",0,0,0,"R008",5,30,60,10,"",0),
("XM20220101013","项目13","u00000","content","2022-02-01","2024-02-10",1,0,0,"R001",3,30,60,10,"",0),
("XM20220101014","项目14","u00000","content","2022-02-01","2024-02-10",1,0,0,"R000",3,30,60,10,"",0),
("XM20220101015","项目15","u00000","content","2022-02-01","2024-02-10",1,0,0,"R002",3,30,60,10,"",0),
("XM20220101016","项目16","u00000","content","2022-02-01","2024-02-10",1,0,0,"R003",3,30,60,10,"",0),
("XM20220101017","项目17","u00000","content","2022-02-01","2024-02-10",1,0,0,"R004",3,30,60,10,"",0),
("XM20220101018","项目18","u00000","content","2022-02-01","2024-02-10",1,0,0,"R005",3,30,60,10,"",0),
("XM20220101019","项目19","u00000","content","2022-02-01","2024-02-10",2,0,0,"R006",3,30,60,10,"",0),
("XM20220101020","项目20","u00000","content","2022-02-01","2024-02-10",3,0,0,"R007",3,30,60,10,"",0),
("XM20220101021","项目21","u00000","content","2022-02-01","2024-02-10",1,0,0,"R008",3,30,60,10,"",0),
("XM20220101022","项目22","u00000","content","2022-02-01","2024-02-10",1,0,0,"R009",3,30,60,10,"",0),
("XM20220101023","项目23","u00000","content","2022-02-01","2024-02-10",1,0,0,"R010",3,30,60,10,"",0),
("XM20220101024","项目24","u00000","content","2022-02-01","2024-02-10",1,0,0,"R000",3,30,60,10,"",0),
("XM20220101025","项目25","u00000","content","2022-02-01","2024-02-10",1,0,0,"R002",3,30,60,10,"",0),
("XM20220101026","项目26","u00000","content","2022-02-01","2024-02-10",1,0,0,"R003",3,30,60,10,"",0),
("XM20220101027","项目27","u00000","content","2022-02-01","2024-02-10",1,0,0,"R004",3,30,60,10,"",0),
("XM20220101028","项目28","u00000","content","2022-02-01","2024-02-10",1,0,0,"R005",3,30,60,10,"",0),
("XM20220101029","项目29","u00000","content","2022-02-01","2024-02-10",2,0,0,"R006",3,30,60,10,"",0),
("XM20220101030","项目30","u00000","content","2022-02-01","2024-02-10",3,0,0,"R007",3,30,60,10,"",0),
("XM20220101031","项目31","u00000","content","2022-02-01","2024-02-10",1,0,0,"R008",3,30,60,10,"",0),
("XM20220101032","项目32","u00000","content","2022-02-01","2024-02-10",1,0,0,"R009",3,30,60,10,"",0),
("XM20220101033","项目33","u00000","content","2022-02-01","2024-02-10",1,0,0,"R010",3,30,60,10,"",0),
("XM20220101034","项目34","u00000","content","2022-02-01","2024-02-10",1,0,0,"R000",3,30,60,10,"",0),
("XM20220101035","项目35","u00000","content","2022-02-01","2024-02-10",1,0,0,"R002",3,30,60,10,"",0),
("XM20220101036","项目36","u00000","content","2022-02-01","2024-02-10",1,0,0,"R003",3,30,60,10,"",0),
("XM20220101037","项目37","u00001","content","2022-02-01","2024-02-10",1,0,0,"R004",3,30,60,10,"",0),
("XM20220101038","项目38","u00001","content","2022-02-01","2024-02-10",1,0,0,"R005",3,30,60,10,"",0),
("XM20220101039","项目39","u00001","content","2022-02-01","2024-02-10",1,0,0,"R006",3,30,60,10,"",0),
("XM20220101040","项目40","u00001","content","2022-02-01","2024-02-10",1,0,0,"R007",3,30,60,10,"",0),
("XM20220101041","项目41","u00001","content","2022-02-01","2024-02-10",1,0,0,"R008",3,30,60,10,"",0),
("XM20220101042","项目42","u00001","content","2022-02-01","2024-02-10",1,0,0,"R009",3,30,60,10,"",0),
("XM20220101043","项目43","u00001","content","2022-02-01","2024-02-10",1,0,0,"R010",3,30,60,10,"",0),
("XM20220101044","项目44","u00001","content","2022-02-01","2024-02-10",1,0,0,"R000",3,30,60,10,"",0),
("XM20220101045","项目45","u00001","content","2022-02-01","2024-02-10",1,0,0,"R002",3,30,60,10,"",0),
("XM20220101046","项目46","u00001","content","2022-02-01","2024-02-10",1,0,0,"R003",3,30,60,10,"",0),
("XM20220101047","项目47","u00001","content","2022-02-01","2024-02-10",1,0,0,"R004",3,30,60,10,"",0),
("XM20220101048","项目48","u00001","content","2022-02-01","2024-02-10",1,0,0,"R005",3,30,60,10,"",0),
("XM20220101049","项目49","u00001","content","2022-02-01","2024-02-10",1,0,0,"R006",3,30,60,10,"",0),
("XM20220101050","项目50","u00001","content","2022-02-01","2024-02-10",1,0,0,"R007",3,30,60,10,"",0),
("XM20220101051","项目51","u00001","content","2022-02-01","2024-02-10",1,0,0,"R008",3,30,60,10,"",0),
("XM20220101052","项目52","u00001","content","2022-02-01","2024-02-10",1,0,0,"R009",3,30,60,10,"",0),
("XM20220101053","项目53","u00001","content","2022-02-01","2024-02-10",1,0,0,"R010",3,30,60,10,"",0),
("XM20220101054","项目54","u00001","content","2022-02-01","2024-02-10",1,0,0,"R000",3,30,60,10,"",0),
("XM20220101055","项目55","u00001","content","2022-02-01","2024-02-10",1,0,0,"R002",3,30,60,10,"",0),
("XM20220101056","项目56","u00000","content","2022-02-01","2024-02-10",1,0,0,"R003",3,30,60,10,"",0),
("XM20220101057","项目57","u00000","content","2022-02-01","2024-02-10",1,0,0,"R004",3,30,60,10,"",0),
("XM20220101058","项目58","u00000","content","2022-02-01","2024-02-10",1,0,0,"R005",3,30,60,10,"",0),
("XM20220101059","项目59","u00000","content","2022-02-01","2024-02-10",1,0,0,"R006",3,30,60,10,"",0),
("XM20220101060","项目60","u00000","content","2022-02-01","2024-02-10",1,0,0,"R007",3,30,60,10,"",0),
("XM20220101061","项目61","u00000","content","2022-02-01","2024-02-10",1,0,0,"R008",3,30,60,10,"",0),
("XM20220101062","项目62","u00000","content","2022-02-01","2024-02-10",1,0,0,"R009",3,30,60,10,"",0),
("XM20220101063","项目63","u00000","content","2022-02-01","2024-02-10",1,0,0,"R010",3,30,60,10,"",0),
("XM20220101064","项目64","u00002","content","2022-02-01","2024-02-10",1,0,0,"R000",3,30,60,10,"",0),
("XM20220101065","项目65","u00002","content","2022-02-01","2024-02-10",1,0,0,"R002",3,30,60,10,"",0),
("XM20220101066","项目66","u00002","content","2022-02-01","2024-02-10",1,0,0,"R003",3,30,60,10,"",0),
("XM20220101067","项目67","u00002","content","2022-02-01","2024-02-10",1,0,0,"R004",3,30,60,10,"",0),
("XM20220101068","项目68","u00002","content","2022-02-01","2024-02-10",1,0,0,"R005",3,30,60,10,"",0),
("XM20220101069","项目69","u00002","content","2022-02-01","2024-02-10",1,0,0,"R006",3,30,60,10,"",0),
("XM20220101070","项目70","u00002","content","2022-02-01","2024-02-10",1,0,0,"R007",3,30,60,10,"",0),
("XM20220101071","项目71","u00002","content","2022-02-01","2024-02-10",1,0,0,"R008",3,30,60,10,"",0),
("XM20220101072","项目72","u00002","content","2022-02-01","2024-02-10",1,0,0,"R009",3,30,60,10,"",0),
("XM20220101073","项目73","u00000","content","2022-02-01","2024-02-10",1,0,0,"R010",3,30,60,10,"",0),
("XM20220101074","项目74","u00000","content","2022-02-01","2024-02-10",1,0,0,"R000",3,30,60,10,"",0),
("XM20220101075","项目75","u00000","content","2022-02-01","2024-02-10",1,0,0,"R002",3,30,60,10,"",0),
("XM20220101076","项目76","u00000","content","2022-02-01","2024-02-10",1,0,0,"R003",3,30,60,10,"",0),
("XM20220101077","项目77","u00000","content","2022-02-01","2024-02-10",1,0,0,"R004",3,30,60,10,"",0),
("XM20220101078","项目78","u00000","content","2022-02-01","2024-02-10",1,0,0,"R005",3,30,60,10,"",0),
("XM20220101079","项目79","u00000","content","2022-02-01","2024-02-10",1,0,0,"R006",3,30,60,10,"",0),
("XM20220101080","项目80","u00000","content","2022-02-01","2024-02-10",1,0,0,"R007",3,30,60,10,"",0),
("XM20220101081","项目81","u00000","content","2022-02-01","2024-02-10",1,0,0,"R008",3,30,60,10,"",0),
("XM20220101082","项目82","u00000","content","2022-02-01","2024-02-10",1,0,0,"R009",3,30,60,10,"",0),
("XM20220101083","项目83","u00000","content","2022-02-01","2024-02-10",1,0,0,"R010",3,30,60,10,"",0);
# 正在招标项目
insert into release_items values
("XM20220102001","项目1","u00000","content","2022-02-01","2022-02-10",1,0,0,"R001",1,30,60,10,"",10000),
("XM20220102002","项目2","u00000","content","2022-02-01","2022-02-10",1,0,0,"R004",2,30,60,10,"",120000),
("XM20220102003","项目3","u00000","content","2022-02-01","2022-02-10",1,0,0,"R003",1,30,60,10,"",3000),
("XM20220102004","项目4","u00000","content","2022-02-01","2022-02-10",1,0,0,"R005",2,30,60,10,"",9000),
("XM20220102005","项目5","u00000","content","2022-02-01","2022-02-10",1,0,0,"R007",3,30,60,10,"",56000),
("XM20220102006","项目6","u00000","content","2022-02-01","2022-02-10",1,0,0,"R001",2,30,60,10,"",3400),
("XM20220102007","项目7","u00000","content","2022-02-01","2022-02-10",1,0,0,"R999",2,30,60,10,"",180000),
("XM20220102008","项目8","u00000","content","2022-02-01","2022-02-10",1,0,0,"R001",3,30,60,10,"",30000),
("XM20220102009","项目9","u00000","content","2022-02-01","2022-02-10",1,0,0,"R001",2,30,60,10,"",100000),
("XM20220102010","项目10","u00000","content","2022-02-01","2022-02-10",1,0,0,"R002",2,30,60,10,"",50000),
("XM20220102011","项目11","u00000","content","2022-02-01","2022-02-10",1,0,0,"R001",3,30,60,10,"",70000),
("XM20220102012","项目12","u00000","content","2022-02-01","2022-02-10",1,0,0,"R008",5,30,60,10,"",80000);
# 修改测试数据
insert into release_items values
("XM20220304001","测试1","u00000","","2022-03-04","2022-03-09 00:00:00",1,1,1,"R001",1,30,60,10,"",120000);

select * from release_items;


# select * from item_state where it_id ="XM20220311001";
# select * from item_files where it_id in("XM20220102001","XM20220304001");

drop table if exists item_files;
create table item_files(
	it_id		char(13) not null ,			# 项目id
    upurl		varchar(100),		# 原始上传地址
    uid			varchar(50),		# 上传id
    url			varchar(100) not null,		# 文件地址
    name		varchar(50),		# 文件名
    uploadtime	varchar(30),		# 上传时间
    size		varchar(50),			# 文件大小
    primary key(it_id,url)
)comment = '项目文件表';
# 修改测试数据
insert into item_files values
("XM20220101001","upload\1646575666390-修改001.docx","1646575666372","http://localhost:8989/1646575666390-修改001.docx","修改001.docx","2022-03-06 19:20:06","0"),
("XM20220101002","upload\1646575772674-修改003.docx","1646575772351","http://localhost:8989/1646575772674-修改003.docx","修改003.docx","2022-03-06 19:20:06","0"),
("XM20220101003","upload\1646418147650-zxy_MIS14_chn01.pptx","1646418147622","http://localhost:8989/1646418147650-zxy_MIS14_chn01.pptx","zxy_MIS14_chn01.pptx","2020-11-18 18:56:53","1505273"),
("XM20220101004","upload\1646575772676-修改002.docx","1646575772349","http://localhost:8989/1646575772676-修改002.docx","修改002.docx","2022-03-06 19:20:06","0"),
("XM20220101005","upload\1646575666390-修改001.docx","1646575666372","http://localhost:8989/1646575666390-修改001.docx","修改001.docx","2022-03-06 19:20:06","0"),
("XM20220101006","upload\1646575772674-修改003.docx","1646575772351","http://localhost:8989/1646575772674-修改003.docx","修改003.docx","2022-03-06 19:20:06","0"),
("XM20220101007","upload\1646418147650-zxy_MIS14_chn01.pptx","1646418147622","http://localhost:8989/1646418147650-zxy_MIS14_chn01.pptx","zxy_MIS14_chn01.pptx","2020-11-18 18:56:53","1505273"),
("XM20220101008","upload\1646575772676-修改002.docx","1646575772349","http://localhost:8989/1646575772676-修改002.docx","修改002.docx","2022-03-06 19:20:06","0"),
("XM20220101009","upload\1646575666390-修改001.docx","1646575666372","http://localhost:8989/1646575666390-修改001.docx","修改001.docx","2022-03-06 19:20:06","0"),
("XM20220101010","upload\1646575772674-修改003.docx","1646575772351","http://localhost:8989/1646575772674-修改003.docx","修改003.docx","2022-03-06 19:20:06","0"),
("XM20220101011","upload\1646418147650-zxy_MIS14_chn01.pptx","1646418147622","http://localhost:8989/1646418147650-zxy_MIS14_chn01.pptx","zxy_MIS14_chn01.pptx","2020-11-18 18:56:53","1505273"),
("XM20220101012","upload\1646575772676-修改002.docx","1646575772349","http://localhost:8989/1646575772676-修改002.docx","修改002.docx","2022-03-06 19:20:06","0"),
("XM20220101013","upload\1646575666390-修改001.docx","1646575666372","http://localhost:8989/1646575666390-修改001.docx","修改001.docx","2022-03-06 19:20:06","0"),
("XM20220101014","upload\1646575772674-修改003.docx","1646575772351","http://localhost:8989/1646575772674-修改003.docx","修改003.docx","2022-03-06 19:20:06","0"),
("XM20220101015","upload\1646418147650-zxy_MIS14_chn01.pptx","1646418147622","http://localhost:8989/1646418147650-zxy_MIS14_chn01.pptx","zxy_MIS14_chn01.pptx","2020-11-18 18:56:53","1505273"),
("XM20220101016","upload\1646575772676-修改002.docx","1646575772349","http://localhost:8989/1646575772676-修改002.docx","修改002.docx","2022-03-06 19:20:06","0"),
("XM20220101017","upload\1646575666390-修改001.docx","1646575666372","http://localhost:8989/1646575666390-修改001.docx","修改001.docx","2022-03-06 19:20:06","0"),
("XM20220101018","upload\1646575772674-修改003.docx","1646575772351","http://localhost:8989/1646575772674-修改003.docx","修改003.docx","2022-03-06 19:20:06","0"),
("XM20220101019","upload\1646418147650-zxy_MIS14_chn01.pptx","1646418147622","http://localhost:8989/1646418147650-zxy_MIS14_chn01.pptx","zxy_MIS14_chn01.pptx","2020-11-18 18:56:53","1505273"),
("XM20220101020","upload\1646575772676-修改002.docx","1646575772349","http://localhost:8989/1646575772676-修改002.docx","修改002.docx","2022-03-06 19:20:06","0"),
("XM20220101021","upload\1646575666390-修改001.docx","1646575666372","http://localhost:8989/1646575666390-修改001.docx","修改001.docx","2022-03-06 19:20:06","0"),
("XM20220101001","upload\1646575772674-修改003.docx","1646575772351","http://localhost:8989/1646575772674-修改003.docx","修改003.docx","2022-03-06 19:20:06","0"),
("XM20220101001","upload\1646418147650-zxy_MIS14_chn01.pptx","1646418147622","http://localhost:8989/1646418147650-zxy_MIS14_chn01.pptx","zxy_MIS14_chn01.pptx","2020-11-18 18:56:53","1505273"),
("XM20220101022","upload\1646575772676-修改002.docx","1646575772349","http://localhost:8989/1646575772676-修改002.docx","修改002.docx","2022-03-06 19:20:06","0"),
("XM20220101023","upload\1646575666390-修改001.docx","1646575666372","http://localhost:8989/1646575666390-修改001.docx","修改001.docx","2022-03-06 19:20:06","0"),
("XM20220101024","upload\1646575772674-修改003.docx","1646575772351","http://localhost:8989/1646575772674-修改003.docx","修改003.docx","2022-03-06 19:20:06","0"),
("XM20220101025","upload\1646418147650-zxy_MIS14_chn01.pptx","1646418147622","http://localhost:8989/1646418147650-zxy_MIS14_chn01.pptx","zxy_MIS14_chn01.pptx","2020-11-18 18:56:53","1505273"),
("XM20220101026","upload\1646575772676-修改002.docx","1646575772349","http://localhost:8989/1646575772676-修改002.docx","修改002.docx","2022-03-06 19:20:06","0"),
("XM20220101027","upload\1646575666390-修改001.docx","1646575666372","http://localhost:8989/1646575666390-修改001.docx","修改001.docx","2022-03-06 19:20:06","0"),
("XM20220101028","upload\1646575772674-修改003.docx","1646575772351","http://localhost:8989/1646575772674-修改003.docx","修改003.docx","2022-03-06 19:20:06","0"),
("XM20220101029","upload\1646418147650-zxy_MIS14_chn01.pptx","1646418147622","http://localhost:8989/1646418147650-zxy_MIS14_chn01.pptx","zxy_MIS14_chn01.pptx","2020-11-18 18:56:53","1505273"),
("XM20220101030","upload\1646575772676-修改002.docx","1646575772349","http://localhost:8989/1646575772676-修改002.docx","修改002.docx","2022-03-06 19:20:06","0"),
("XM20220101031","upload\1646575666390-修改001.docx","1646575666372","http://localhost:8989/1646575666390-修改001.docx","修改001.docx","2022-03-06 19:20:06","0"),
("XM20220101032","upload\1646575772674-修改003.docx","1646575772351","http://localhost:8989/1646575772674-修改003.docx","修改003.docx","2022-03-06 19:20:06","0"),
("XM20220101033","upload\1646418147650-zxy_MIS14_chn01.pptx","1646418147622","http://localhost:8989/1646418147650-zxy_MIS14_chn01.pptx","zxy_MIS14_chn01.pptx","2020-11-18 18:56:53","1505273"),
("XM20220101034","upload\1646575772676-修改002.docx","1646575772349","http://localhost:8989/1646575772676-修改002.docx","修改002.docx","2022-03-06 19:20:06","0"),
("XM20220101035","upload\1646575666390-修改001.docx","1646575666372","http://localhost:8989/1646575666390-修改001.docx","修改001.docx","2022-03-06 19:20:06","0"),
("XM20220101036","upload\1646418147650-zxy_MIS14_chn01.pptx","1646418147622","http://localhost:8989/1646418147650-zxy_MIS14_chn01.pptx","zxy_MIS14_chn01.pptx","2020-11-18 18:56:53","1505273"),
("XM20220101037","upload\1646575772676-修改002.docx","1646575772349","http://localhost:8989/1646575772676-修改002.docx","修改002.docx","2022-03-06 19:20:06","0"),
("XM20220101038","upload\1646575666390-修改001.docx","1646575666372","http://localhost:8989/1646575666390-修改001.docx","修改001.docx","2022-03-06 19:20:06","0"),
("XM20220101039","upload\1646575772674-修改003.docx","1646575772351","http://localhost:8989/1646575772674-修改003.docx","修改003.docx","2022-03-06 19:20:06","0"),
("XM20220101040","upload\1646418147650-zxy_MIS14_chn01.pptx","1646418147622","http://localhost:8989/1646418147650-zxy_MIS14_chn01.pptx","zxy_MIS14_chn01.pptx","2020-11-18 18:56:53","1505273"),
("XM20220101041","upload\1646575772676-修改002.docx","1646575772349","http://localhost:8989/1646575772676-修改002.docx","修改002.docx","2022-03-06 19:20:06","0"),
("XM20220101042","upload\1646575666390-修改001.docx","1646575666372","http://localhost:8989/1646575666390-修改001.docx","修改001.docx","2022-03-06 19:20:06","0"),
("XM20220101043","upload\1646575772674-修改003.docx","1646575772351","http://localhost:8989/1646575772674-修改003.docx","修改003.docx","2022-03-06 19:20:06","0"),
("XM20220101044","upload\1646418147650-zxy_MIS14_chn01.pptx","1646418147622","http://localhost:8989/1646418147650-zxy_MIS14_chn01.pptx","zxy_MIS14_chn01.pptx","2020-11-18 18:56:53","1505273"),
("XM20220101045","upload\1646575772676-修改002.docx","1646575772349","http://localhost:8989/1646575772676-修改002.docx","修改002.docx","2022-03-06 19:20:06","0"),
("XM20220101046","upload\1646575666390-修改001.docx","1646575666372","http://localhost:8989/1646575666390-修改001.docx","修改001.docx","2022-03-06 19:20:06","0"),
("XM20220101047","upload\1646575772674-修改003.docx","1646575772351","http://localhost:8989/1646575772674-修改003.docx","修改003.docx","2022-03-06 19:20:06","0"),
("XM20220101048","upload\1646418147650-zxy_MIS14_chn01.pptx","1646418147622","http://localhost:8989/1646418147650-zxy_MIS14_chn01.pptx","zxy_MIS14_chn01.pptx","2020-11-18 18:56:53","1505273"),
("XM20220101049","upload\1646575772676-修改002.docx","1646575772349","http://localhost:8989/1646575772676-修改002.docx","修改002.docx","2022-03-06 19:20:06","0"),
("XM20220101050","upload\1646575666390-修改001.docx","1646575666372","http://localhost:8989/1646575666390-修改001.docx","修改001.docx","2022-03-06 19:20:06","0"),
("XM20220101051","upload\1646575772674-修改003.docx","1646575772351","http://localhost:8989/1646575772674-修改003.docx","修改003.docx","2022-03-06 19:20:06","0"),
("XM20220101052","upload\1646418147650-zxy_MIS14_chn01.pptx","1646418147622","http://localhost:8989/1646418147650-zxy_MIS14_chn01.pptx","zxy_MIS14_chn01.pptx","2020-11-18 18:56:53","1505273"),
("XM20220101053","upload\1646575772676-修改002.docx","1646575772349","http://localhost:8989/1646575772676-修改002.docx","修改002.docx","2022-03-06 19:20:06","0"),
("XM20220101054","upload\1646575666390-修改001.docx","1646575666372","http://localhost:8989/1646575666390-修改001.docx","修改001.docx","2022-03-06 19:20:06","0");
select * from item_files;

# 项目状态表
drop table if exists item_state;
create table item_state(
	it_id           char(13)                      not null,
    releases		int,		# 发布（0：未到，1：进行中，2：通过）1
    bid				int,		# 招标2
    release_items   int,		# 初审3
    review_details  int,		# 细审4
    calibratio		int,		# 定标5
    bid_opening		int,		# 开标6
    finish			int,		# 完成7
    state			varchar(20),	#当前状态（0：未发布，1：发布，2：招标）
    primary key(it_id)
)comment = '项目状态表';
insert into item_state values
("XM20220101001",2,2,2,2,2,2,2,7),
("XM20220101002",2,2,2,2,2,2,2,7),
("XM20220101003",2,2,2,2,2,2,2,7),
("XM20220101004",2,2,2,2,2,2,2,7),
("XM20220101005",2,2,2,2,2,2,2,7),
("XM20220101006",2,2,2,2,2,2,2,7),
("XM20220101007",2,2,2,2,2,2,2,7),
("XM20220101008",2,2,2,2,2,2,2,7),
("XM20220101009",2,2,2,2,2,2,2,7),
("XM20220101010",2,2,2,2,2,2,2,7),
("XM20220101011",2,2,2,2,2,2,2,7),
("XM20220101012",2,2,2,2,2,2,2,7),
("XM20220101013",2,1,0,0,0,0,0,2),
("XM20220101014",2,1,0,0,0,0,0,2),
("XM20220101015",2,1,0,0,0,0,0,2),
("XM20220101016",2,1,0,0,0,0,0,2),
("XM20220101017",2,1,0,0,0,0,0,2),
("XM20220101018",2,2,1,0,0,0,0,3),
("XM20220101019",2,2,1,0,0,0,0,3),
("XM20220101020",2,2,1,0,0,0,0,3),
("XM20220101021",2,2,1,0,0,0,0,3),
("XM20220101022",2,2,1,0,0,0,0,3),
("XM20220101023",2,2,1,0,0,0,0,3),
("XM20220101024",2,2,1,0,0,0,0,3),
("XM20220101025",2,2,1,0,0,0,0,3),
("XM20220101026",2,2,1,0,0,0,0,3),
("XM20220101027",2,2,1,0,0,0,0,3),
("XM20220101028",2,2,1,0,0,0,0,3),
("XM20220101029",2,2,1,0,0,0,0,3),
("XM20220101030",2,2,1,0,0,0,0,3),
("XM20220101031",2,2,1,0,0,0,0,3),
("XM20220101032",2,2,1,0,0,0,0,3),
("XM20220101033",2,2,1,0,0,0,0,3),
("XM20220101034",2,2,1,0,0,0,0,3),
("XM20220101035",2,2,1,0,0,0,0,3),
("XM20220101036",2,2,1,0,0,0,0,3),
("XM20220101037",2,2,1,0,0,0,0,3),
("XM20220101038",2,2,1,0,0,0,0,3),
("XM20220101039",2,2,1,0,0,0,0,3),
("XM20220101040",2,2,1,0,0,0,0,3),
("XM20220101041",2,2,1,0,0,0,0,3),
("XM20220101042",2,2,1,0,0,0,0,3),
("XM20220101043",2,2,1,0,0,0,0,3),
("XM20220101044",2,2,1,0,0,0,0,3),
("XM20220101045",2,2,1,0,0,0,0,3),
("XM20220101046",2,2,1,0,0,0,0,3),
("XM20220101047",2,2,1,0,0,0,0,3),
("XM20220101048",2,2,1,0,0,0,0,3),
("XM20220101049",2,2,1,0,0,0,0,3),
("XM20220101050",2,2,1,0,0,0,0,3),
("XM20220101051",2,2,1,0,0,0,0,3),
("XM20220101052",2,2,1,0,0,0,0,3),
("XM20220101053",2,2,1,0,0,0,0,3),
("XM20220101054",2,2,1,0,0,0,0,3),
("XM20220101055",2,2,1,0,0,0,0,3),
("XM20220101056",2,2,1,0,0,0,0,3),
("XM20220101057",2,2,1,0,0,0,0,3),
("XM20220101058",2,2,1,0,0,0,0,3),
("XM20220101059",2,2,1,0,0,0,0,3),
("XM20220101060",2,2,1,0,0,0,0,3),
("XM20220101061",2,2,1,0,0,0,0,3),
("XM20220101062",2,2,1,0,0,0,0,3),
("XM20220101063",2,2,1,0,0,0,0,3),
("XM20220101064",2,2,1,0,0,0,0,3),
("XM20220101065",2,2,1,0,0,0,0,3),
("XM20220101066",2,2,1,0,0,0,0,3),
("XM20220101067",2,2,1,0,0,0,0,3),
("XM20220101068",2,2,1,0,0,0,0,3),
("XM20220101069",2,2,1,0,0,0,0,3),
("XM20220101070",2,2,1,0,0,0,0,3),
("XM20220101071",2,2,1,0,0,0,0,3),
("XM20220101072",2,2,1,0,0,0,0,3),
("XM20220101073",2,2,1,0,0,0,0,3),
("XM20220101074",2,2,1,0,0,0,0,3),
("XM20220101075",2,2,1,0,0,0,0,3),
("XM20220101076",2,2,1,0,0,0,0,3),
("XM20220101077",2,2,1,0,0,0,0,3),
("XM20220101078",2,2,1,0,0,0,0,3),
("XM20220101079",2,2,1,0,0,0,0,3),
("XM20220101080",2,2,1,0,0,0,0,3),
("XM20220101081",2,2,1,0,0,0,0,3),
("XM20220101082",2,2,1,0,0,0,0,3),
("XM20220101083",2,2,1,0,0,0,0,3);

# 正在招标阶段项目
insert into item_state values
("XM20220102001",2,1,0,0,0,0,0,2),
("XM20220102002",2,1,0,0,0,0,0,2),
("XM20220102003",2,1,0,0,0,0,0,2),
("XM20220102004",2,1,0,0,0,0,0,2),
("XM20220102005",2,1,0,0,0,0,0,2),
("XM20220102006",2,1,0,0,0,0,0,2),
("XM20220102007",2,1,0,0,0,0,0,2),
("XM20220102008",2,1,0,0,0,0,0,2),
("XM20220102009",2,1,0,0,0,0,0,2),
("XM20220102010",2,1,0,0,0,0,0,2),
("XM20220102011",2,1,0,0,0,0,0,2),
("XM20220102012",2,1,0,0,0,0,0,2);
# 修改测试数据
insert into item_state values
("XM20220304001",2,1,0,0,0,0,0,2);

select * from item_state;
select * from item_state where state = 4;

drop table if exists release_items_invitation;
create table release_items_invitation
(
	it_id                          char(13)                       not null,
	ex_id                         char(6)                        not null,
    type							int,	# 0表示系统推荐，1表示自定义邀请
   primary key (ex_id, it_id)
)comment = '项目发布邀请专家参与申报';
# 测试数据
insert into release_items_invitation values
("XM20220304001","S00000",1),
("XM20220304001","S00002",1),
("XM20220304001","S00009",1);

select * from release_items_invitation;
    

drop table if exists bid_items;
create table bid_items			#项目投标表
(
   ex_id                         char(6)                        not null,
   it_id                          char(13)                       not null,
   bid_time                       varchar(20),
   budget                         int,
   finilly_time                   varchar(20),
   other                          varchar(100),
   primary key (ex_id, it_id)
)comment = '项目投标表';
insert into bid_items values 
("S00000","XM20220102001","2022-03-11","10000","2022-03-15","无"),
("S00000","XM20220102002","2022-03-10","120000","2022-03-31","无"),
("S00000","XM20220102003","2022-03-10","11000","2025-03-31","无"),
("S00000","XM20220102005","2022-03-10","11000","2022-03-31","无"),
("S00000","XM20220101013","2022-03-10","11000","2025-03-31","无"),
("S00000","XM20220101014","2022-03-10","11000","2025-03-31","无"),
("S00000","XM20220101015","2022-03-10","11000","2025-03-31","无"),
("S00000","XM20220101016","2022-03-10","11000","2025-03-31","无"),
("S00000","XM20220101017","2022-03-10","11000","2025-03-31","无"),
("S00000","XM20220101018","2022-03-10","11000","2025-03-31","无"),
("S00000","XM20220102019","2022-03-10","11000","2022-03-31","无"),
("S00000","XM20220101020","2022-03-10","11000","2025-03-31","无"),
("S00000","XM20220101021","2022-03-10","11000","2025-03-31","无"),
("S00000","XM20220101022","2022-03-10","11000","2025-03-31","无"),
("S00000","XM20220101023","2022-03-10","11000","2025-03-31","无"),
("S00000","XM20220101024","2022-03-10","11000","2025-03-31","无"),
("S00000","XM20220101025","2022-03-10","11000","2025-03-31","无"),
("S00000","XM20220101026","2022-03-10","11000","2025-03-31","无"),
("S00000","XM20220101027","2022-03-10","11000","2025-03-31","无"),
("S00000","XM20220101028","2022-03-10","11000","2025-03-31","无"),
("S00000","XM20220102029","2022-03-10","11000","2022-03-31","无"),
("S00000","XM20220101030","2022-03-10","11000","2025-03-31","无"),
("S00000","XM20220101031","2022-03-10","11000","2025-03-31","无"),
("S00000","XM20220101032","2022-03-10","11000","2025-03-31","无"),
("S00001","XM20220101023","2022-03-10","11000","2025-03-31","无"),
("S00001","XM20220101024","2022-03-10","11000","2025-03-31","无"),
("S00001","XM20220101025","2022-03-10","11000","2025-03-31","无"),
("S00001","XM20220102026","2022-03-10","11000","2022-03-31","无"),
("S00001","XM20220101027","2022-03-10","11000","2025-03-31","无"),
("S00001","XM20220101028","2022-03-10","11000","2025-03-31","无"),
("S00001","XM20220101029","2022-03-10","11000","2025-03-31","无"),
("S00001","XM20220101030","2022-03-10","11000","2025-03-31","无"),
("S00001","XM20220101031","2022-03-10","11000","2025-03-31","无"),
("S00001","XM20220102073","2022-03-10","11000","2022-03-31","无"),
("S00001","XM20220101074","2022-03-10","11000","2025-03-31","无"),
("S00001","XM20220101075","2022-03-10","11000","2025-03-31","无"),
("S00001","XM20220101076","2022-03-10","11000","2025-03-31","无"),
("S00001","XM20220101077","2022-03-10","11000","2025-03-31","无"),
("S00001","XM20220101078","2022-03-10","11000","2025-03-31","无"),
("S00001","XM20220101089","2022-03-10","11000","2025-03-31","无"),
("S00001","XM20220101080","2022-03-10","11000","2025-03-31","无");
select * from bid_items;

select * from bid_items where it_id="XM20220102003";

drop table if exists bid_item_files;
create table bid_item_files(
	it_id		char(13) not null ,			# 项目id
    ex_id       char(6)  not null,
    upurl		varchar(100),		# 原始上传地址
    uid			varchar(50),		# 上传id
    url			varchar(100) not null,		# 文件地址
    name		varchar(50),		# 文件名
    uploadtime	varchar(30),		# 上传时间
    size		varchar(50),			# 文件大小
    primary key(it_id,url)
)comment = '项目投标文件表';
insert into bid_item_files values
("XM20220102001","S00000","upload\1646931080053-申报004.docx","1646931079675","http://localhost:8989/1646931080053-申报004.docx","申报004.docx","2022-03-11 00:51:21","0"),
("XM20220102002","S00000","upload\1646894785121-申报001.docx","1646894785102","http://localhost:8989/1646894785121-申报001.docx","申报001.docx","2022-03-06 19:20:06","0"),
("XM20220102002","S00000","upload\1646894785422-申报002.docx","1646894785104","http://localhost:8989/1646894785422-申报002.docx","申报002.docx","2022-03-06 19:20:06","0"),
("XM20220102003","S00000","upload\1646981166761-申报测试003.docx","1646981166430","http://localhost:8989/1646981166761-申报测试003.docx","申报测试003.docx","2022-03-11 14:46:08","0"),
("XM20220102003","S00000","upload\1646981464363-申报测试001.docx","1646981464035","http://localhost:8989/1646981464363-申报测试001.docx","申报测试001.docx","2022-03-11 14:51:05","0"),
("XM20220101013","S00000","upload\1646931080053-申报004.docx","1646931079675","http://localhost:8989/1646931080053-申报004.docx","申报004.docx","2022-03-11 00:51:21","0"),
("XM20220101014","S00000","upload\1646894785121-申报001.docx","1646894785102","http://localhost:8989/1646894785121-申报001.docx","申报001.docx","2022-03-06 19:20:06","0"),
("XM20220101014","S00000","upload\1646894785422-申报002.docx","1646894785104","http://localhost:8989/1646894785422-申报002.docx","申报002.docx","2022-03-06 19:20:06","0"),
("XM20220101015","S00000","upload\1646981166761-申报测试003.docx","1646981166430","http://localhost:8989/1646981166761-申报测试003.docx","申报测试003.docx","2022-03-11 14:46:08","0"),
("XM20220101015","S00000","upload\1646981464363-申报测试001.docx","1646981464035","http://localhost:8989/1646981464363-申报测试001.docx","申报测试001.docx","2022-03-11 14:51:05","0"),
("XM20220101015","S00000","upload\1646931080053-申报004.docx","1646931079675","http://localhost:8989/1646931080053-申报004.docx","申报004.docx","2022-03-11 00:51:21","0"),
("XM20220101016","S00000","upload\1646894785121-申报001.docx","1646894785102","http://localhost:8989/1646894785121-申报001.docx","申报001.docx","2022-03-06 19:20:06","0"),
("XM20220101017","S00000","upload\1646894785422-申报002.docx","1646894785104","http://localhost:8989/1646894785422-申报002.docx","申报002.docx","2022-03-06 19:20:06","0"),
("XM20220101018","S00000","upload\1646981166761-申报测试003.docx","1646981166430","http://localhost:8989/1646981166761-申报测试003.docx","申报测试003.docx","2022-03-11 14:46:08","0"),
("XM20220101020","S00000","upload\1646981464363-申报测试001.docx","1646981464035","http://localhost:8989/1646981464363-申报测试001.docx","申报测试001.docx","2022-03-11 14:51:05","0"),
("XM20220101020","S00000","upload\1646931080053-申报004.docx","1646931079675","http://localhost:8989/1646931080053-申报004.docx","申报004.docx","2022-03-11 00:51:21","0"),
("XM20220101020","S00000","upload\1646894785121-申报001.docx","1646894785102","http://localhost:8989/1646894785121-申报001.docx","申报001.docx","2022-03-06 19:20:06","0"),
("XM20220101021","S00000","upload\1646894785422-申报002.docx","1646894785104","http://localhost:8989/1646894785422-申报002.docx","申报002.docx","2022-03-06 19:20:06","0"),
("XM20220101022","S00000","upload\1646981166761-申报测试003.docx","1646981166430","http://localhost:8989/1646981166761-申报测试003.docx","申报测试003.docx","2022-03-11 14:46:08","0"),
("XM20220101023","S00001","upload\1646981464363-申报测试001.docx","1646981464035","http://localhost:8989/1646981464363-申报测试001.docx","申报测试001.docx","2022-03-11 14:51:05","0"),
("XM20220101023","S00001","upload\1646931080053-申报004.docx","1646931079675","http://localhost:8989/1646931080053-申报004.docx","申报004.docx","2022-03-11 00:51:21","0"),
("XM20220101024","S00001","upload\1646894785121-申报001.docx","1646894785102","http://localhost:8989/1646894785121-申报001.docx","申报001.docx","2022-03-06 19:20:06","0"),
("XM20220101024","S00001","upload\1646894785422-申报002.docx","1646894785104","http://localhost:8989/1646894785422-申报002.docx","申报002.docx","2022-03-06 19:20:06","0"),
("XM20220101025","S00001","upload\1646981166761-申报测试003.docx","1646981166430","http://localhost:8989/1646981166761-申报测试003.docx","申报测试003.docx","2022-03-11 14:46:08","0"),
("XM20220101025","S00001","upload\1646981464363-申报测试001.docx","1646981464035","http://localhost:8989/1646981464363-申报测试001.docx","申报测试001.docx","2022-03-11 14:51:05","0"),
("XM20220101025","S00001","upload\1646931080053-申报004.docx","1646931079675","http://localhost:8989/1646931080053-申报004.docx","申报004.docx","2022-03-11 00:51:21","0"),
("XM20220101026","S00001","upload\1646894785121-申报001.docx","1646894785102","http://localhost:8989/1646894785121-申报001.docx","申报001.docx","2022-03-06 19:20:06","0"),
("XM20220101026","S00001","upload\1646894785422-申报002.docx","1646894785104","http://localhost:8989/1646894785422-申报002.docx","申报002.docx","2022-03-06 19:20:06","0"),
("XM20220101027","S00001","upload\1646981166761-申报测试003.docx","1646981166430","http://localhost:8989/1646981166761-申报测试003.docx","申报测试003.docx","2022-03-11 14:46:08","0"),
("XM20220101028","S00001","upload\1646981464363-申报测试001.docx","1646981464035","http://localhost:8989/1646981464363-申报测试001.docx","申报测试001.docx","2022-03-11 14:51:05","0"),
("XM20220101028","S00001","upload\1646931080053-申报004.docx","1646931079675","http://localhost:8989/1646931080053-申报004.docx","申报004.docx","2022-03-11 00:51:21","0"),
("XM20220101029","S00001","upload\1646894785121-申报001.docx","1646894785102","http://localhost:8989/1646894785121-申报001.docx","申报001.docx","2022-03-06 19:20:06","0"),
("XM20220101030","S00001","upload\1646894785422-申报002.docx","1646894785104","http://localhost:8989/1646894785422-申报002.docx","申报002.docx","2022-03-06 19:20:06","0"),
("XM20220101031","S00001","upload\1646981166761-申报测试003.docx","1646981166430","http://localhost:8989/1646981166761-申报测试003.docx","申报测试003.docx","2022-03-11 14:46:08","0");


# select * from bid_items;
select * from bid_item_files;


drop table if exists first_trial;
create table first_trial
(
   ex_id                         char(6)                        not null,
   it_id                          char(13)                       not null,
   adopt                          int,					# 审核结果(未审核为0，通过为1，不通过为2)
   reason                         varchar(300),
   userid                           char(6)                        not null,	# 审核人
   time_examine                           varchar(20),
   primary key (ex_id, it_id)
)comment = '初审表';
insert into first_trial values
# ("S00000","XM20220102001",0,"","",""),
("S00000","XM20220102003",1,"思路清晰","u00000","2022-03-13 13:45:46"),
# ("S00000","XM20220102004",0,"","",""),
# ("S00000","XM20220101013",0,"","",""),
# ("S00000","XM20220101014",0,"","",""),
("S00000","XM20220101015",2,"主题不明确","u00000","2022-03-13 13:45:46"),
# ("S00000","XM20220101016",0,"","",""),
# ("S00000","XM20220101017",0,"","",""),
# ("S00000","XM20220101018",0,"","",""),
# ("S00000","XM20220101019",0,"","",""),
("S00000","XM20220101020",2,"主题不明确","u00000","2022-03-13 13:45:46"),
# ("S00000","XM20220101021",0,"","",""),
# ("S00000","XM20220101022",0,"","",""),
# ("S00001","XM20220101023",0,"","",""),
# ("S00001","XM20220101024",0,"","",""),
# ("S00001","XM20220101025",0,"","",""),
# ("S00001","XM20220101026",0,"","",""),
# ("S00001","XM20220101027",0,"","",""),
# ("S00001","XM20220101028",0,"","",""),
# ("S00001","XM20220101029",0,"","",""),
# ("S00001","XM20220101030",0,"","",""),
("S00001","XM20220101031",1,"思路清晰","u00000","2022-03-13 13:45:46");
select * from first_trial;


drop table if exists finish_first_trial;
create table finish_first_trial
(
   it_id                          char(13)                       not null,
   finishtime                          varchar(30),	
   detailfinishtime                          varchar(30),	
   updatetime                         varchar(300),
   primary key (it_id)
)comment = '初审截至表';
select * from finish_first_trial;

# delete from finish_first_trial where it_id = "XM20220101014";





drop table if exists review_details_invitation;
create table review_details_invitation
(
	it_id                          char(13)                       not null,
	ex_id                         char(6)                        not null,
    addtime							varchar(50),
    state							int,	# 0表示未应答，1表示同意，2表示不参加
    type							int,	# 1表示系统推荐，2表示自定义邀请
   primary key (ex_id, it_id)
)comment = '邀请专家参与细审';
select * from review_details_invitation where ex_id = "S00004";
select * from review_details_invitation;



select * from release_items;
select * from release_items_invitation;
select * from item_state;

drop table if exists review_details;
create table review_details
(
   ex_id                          char(6)                        not null,
   it_id                          char(13)                       not null,
   examineid                         varchar(12)                        not null,	# 审核人
   examinetype					int,		# 1表示专家，2表示社科成员，3表示社科主体
   score_technology               int,		# 技术得分
   reason_technology              varchar(200),
   score_economics                int,			# 经济得分
   reason_economics               varchar(200),
   score_comprehensive            int,			# 综合得分
   reason_comprehensive           varchar(200),
   score_system						int,		# 系统分析得分
   examinetime					varchar(20),
   other						varchar(300),
   primary key (ex_id, it_id, examineid)
)comment = '细审详细表';
select * from review_details;



drop table if exists calibration;
create table calibration		#定标表
(
   it_id                          char(13)                       not null,
   ex_id                         char(6)                        not null,
   time_calibration               varchar(20),
   time_finilly                   varchar(20),
   budget                         int,
   userid                           char(6),		# 定标人
   primary key (it_id,ex_id)
)comment = '定标表';



drop table if exists bidopening;
create table bidopening		
(
   it_id                          char(13)                       not null,
   ex_id                         char(6)                        not null,
   time_open               varchar(20),
   userid                           char(6),		# 开标人
   primary key (it_id,ex_id)
)comment = '开标表';




drop table if exists schedules;
create table schedules		#进度上传表
(
   it_id                          char(13)                       not null,
   ex_id                         char(6)                        not null,
   title               			varchar(200),
   schedule                           int,		# 开标人
   other						varchar(200),
   primary key (it_id,ex_id)
)comment = '进度上传表';



drop table if exists schedules_files;
create table schedules_files(
	it_id		char(13) not null ,			# 项目id
    ex_id		char(6) not null ,			# 项目id
    upurl		varchar(100),		# 原始上传地址
    uid			varchar(50),		# 上传id
    url			varchar(100) not null,		# 文件地址
    name		varchar(50),		# 文件名
    uploadtime	varchar(30),		# 上传时间
    size		varchar(50),			# 文件大小
    primary key(it_id,url)
)comment = '进度文件表';






drop table if exists schedules_urge;
create table schedules_urge(
	it_id		char(13) not null ,			# 项目id
    ex_id		char(6) not null ,			# 专家id
    urgetime		varchar(20),		# 原始上传地址
    state			int,			# 0表示未应答，1表示已观看
    primary key(it_id,url)
)comment = '进度催促表';



drop table if exists apply_finish_item;
create table apply_finish_item(
	it_id		char(13) not null ,			# 项目id
    ex_id		char(6) not null ,			# 专家id
    applytime		varchar(20),		# 
    state			int,			# 0表示未应答，1表示同意，2表示拒绝
    reason			varchar(200),
    userid			char(6),
    point			int,	# 打分
    primary key(it_id,url)
)comment = '申请项目完成';







/*


drop table if exists achievements;
create table achievements		#成果表
(
   it_id                          char(13)                      not null,
   #name                           varchar(50),
   #content                        varchar(400),				# 内容
   #nature                         varchar(50),				# 类型
   #type                           varchar(50),
   start_time                     date,
   finilly_time                   date,
   # director                       varchar(30),				#
   # number                         int,
   money                          int,		# 经费
   primary key (it_id)
)comment = '成果表';
insert into achievements values
("XM20220101001","2022-02-10","2024-01-01",100000),
("XM20220101002","2022-02-10","2024-01-01",100000),
("XM20220101003","2022-02-10","2024-01-01",200000),
("XM20220101004","2022-02-10","2024-01-01",400000),
("XM20220101005","2022-02-10","2024-01-01",100000),
("XM20220101006","2022-02-10","2024-01-01",200000),
("XM20220101007","2022-02-10","2024-01-01",130000);
select * from achievements;


drop table if exists expert_achievements;
create table expert_achievements
(
   ex_id                          char(6)                        not null,
   it_id                          char(13)                       not null,
   director                       int,						# 负责人？
   primary key (ex_id, it_id)
)comment = '学者项目成果对应表';
insert into expert_achievements values
("S00000","XM20220101001",1),
("S00000","XM20220101002",1),
("S00001","XM20220101002",0),
("S00002","XM20220101003",1),
("S00003","XM20220101004",1),
("S00003","XM20220101005",1),
("S00003","XM20220101006",1),
("S00004","XM20220101007",1),
("S00005","XM20220101007",0),
("S00006","XM20220101007",0);
select * from expert_achievements;

*/

